first_name,last_name,gender,birthday,email,phone
Blake,Kiehn,male,1990-03-24,dianna.rosenbaum@heidenreich.name,(838) 867-0357 x0027
Glenna,Crona,female,1998-02-25,astrid@hodkiewicz.net,1-994-621-3437 x85494
Chadrick,Mitchell,female,1973-03-18,muhammad@cremin.name,283-705-8084 x445
Lavon,Predovic,female,1957-10-28,jewell@zboncak.io,1-827-437-1358 x5080
Cyrus,Mueller,female,1950-01-24,alanis.walker@connellymedhurst.io,(262) 916-7138 x0218
Emmanuelle,Bradtke,female,1969-06-08,martin.schumm@muellerjenkins.biz,480-933-9014 x8845
Abdiel,Bogan,male,1961-06-08,lizzie@wehnerzulauf.biz,398-584-6619 x615
Mac,Tillman,female,1961-05-01,christy.murphy@doyle.name,1-750-688-3748 x68644
Aubrey,Corwin,male,1995-09-27,zackery.gusikowski@considine.name,298-081-1495 x39966
Melany,Jaskolski,male,1993-07-11,violette@bosco.info,(581) 900-4885 x1863
Stephan,Beier,female,1978-01-25,rahul.waters@mohr.name,1-786-661-7030 x3361
Reba,Reinger,male,1996-01-02,damian_leffler@boyle.info,1-128-911-5452 x0654
Rhoda,Lueilwitz,male,1973-01-31,annette@moore.info,628.401.6690 x35291
Lizeth,Feil,male,1957-10-24,tyrique@corkery.biz,968-284-6804 x04625
Barton,Kihn,male,1994-02-18,wendy@toy.org,768.498.1828 x5731
Rey,Hilll,male,1978-09-15,mallie@deckow.biz,793-391-3830 x1460
Charlotte,Gorczany,male,1984-09-03,ruthe@schuster.net,377-187-6944
Amari,Bernier,female,1983-02-14,shaylee_batz@hillsmoriette.net,1-137-416-2953 x1056
Cecil,Schroeder,male,1993-02-09,breanne.cremin@oberbrunner.name,(354) 278-2561 x9113
Keeley,Smith,male,1985-11-02,lou_lehner@corkery.info,915.310.1162 x74073
Nadia,Smitham,male,1955-06-13,dayna@lesch.co,(792) 610-5661
Ron,Gibson,female,1952-12-20,theo_white@macgyver.com,1-960-816-6455
Abel,Hammes,male,1965-06-25,sabina@macgyver.info,757-400-6536
Jace,Hegmann,female,1988-07-27,santina@pfeffer.org,400.421.6152 x19638
Filiberto,Hodkiewicz,female,1950-02-09,jaden@kemmerpaucek.net,362.922.4072 x62923
Elena,Hamill,female,1958-03-02,zander_shanahan@halvorson.org,234-698-3098 x82671
Polly,Kuvalis,male,1961-07-01,kira@okon.org,1-187-200-1371 x46131
Heidi,Brown,male,1978-09-21,alberta.kris@handgreen.com,958.199.8456
Wilburn,Keebler,female,1966-12-06,kayli@senger.info,(347) 160-1227 x4036
Hershel,Mann,male,1973-11-10,eveline@stracke.com,632-056-4958 x43677
Merlin,Herman,female,1953-02-09,paul@wehnerhintz.com,260-471-4537
Hilma,Runolfsson,female,1960-07-14,herta_ankunding@jast.com,(562) 538-7391 x44154
Emmalee,O'Keefe,female,1968-01-14,garry@kling.co,(184) 481-1413 x116
Sasha,Hintz,male,1971-10-02,scot@terryweber.co,1-535-155-1706
Jaleel,Purdy,male,1954-11-20,marilie@corwinnolan.name,(931) 044-3693
Aileen,Schmidt,female,1961-10-04,rachel.anderson@stracketowne.name,825.063.2486
Kylie,Conn,male,1995-12-01,billy_pacocha@ruecker.co,887.669.7657 x88012
Adelle,Larkin,female,1956-09-28,bernardo@pagacleffler.com,942.582.6195
Wendell,Blanda,male,1960-05-01,emiliano@bogisichsmitham.org,1-901-817-0929
Claud,Pagac,female,1991-07-13,mariela@davisjohnston.net,1-724-769-0799
Della,Simonis,female,1965-11-10,iliana.konopelski@ledner.info,584.145.5956 x4655
Braeden,White,female,1987-08-29,saul@rueckermiller.net,705.674.3278
Heath,Waelchi,female,1954-02-26,gunnar@schustercronin.net,(309) 203-4532 x736
Mylene,Cormier,female,1954-11-06,madilyn@hammesgislason.net,(189) 598-0508 x7330
Johnathon,Wisozk,male,1977-10-27,remington@effertz.net,(569) 359-4062 x9899
Ariel,Lehner,male,1991-03-01,helen.oreilly@hills.biz,1-252-220-5401
Erwin,Kling,male,1978-01-27,louvenia_senger@spinka.name,167-347-4999
Reid,Fisher,male,1973-02-05,layne@hudsonbeier.info,(241) 751-4216
Cayla,Kunze,male,1961-01-09,herman_robel@trompkautzer.com,303.546.4062 x93907
Marlon,Wintheiser,male,1972-04-03,bert@ruel.io,(371) 092-8846 x7350
